{
    "0": {
        "fname": "Bob",
        "lname": "Customer",
        "pnum": "000-000-0000",
        "address": "home",
        "dob": "2023-05-13",
        "open_date": "2023-05-13",
        "close_date": "2023-05-15",
        "last_login": "2023-05-15",
        "balance": 6.0,
        "account_num": 0,
        "official_id": "1",
        "official_fname": "official",
        "official_lname": "banker",
        "status": 1,
        "account_type": 0,
        "username": "user",
        "password": "pass"
    },
    "1": {
        "fname": "official",
        "lname": "banker",
        "pnum": "111-111-1111",
        "address": "office",
        "dob": "2023-05-13",
        "open_date": "2023-05-13",
        "close_date": "2023-05-15",
        "last_login": "2023-05-15",
        "balance": 205.0,
        "account_num": 1,
        "official_id": "2",
        "official_fname": "System",
        "official_lname": "Admin",
        "status": 1,
        "account_type": 1,
        "username": "official",
        "password": "pass"
    },
    "2": {
        "fname": "System",
        "lname": "Admin",
        "pnum": "222-222-2222",
        "address": "server room",
        "dob": "2023-05-13",
        "open_date": "2023-05-13",
        "close_date": -1,
        "last_login": "2023-05-13",
        "balance": 5.0,
        "account_num": 2,
        "official_id": "-1",
        "official_fname": "",
        "official_lname": "",
        "status": 1,
        "account_type": 2,
        "username": "admin",
        "password": "pass"
    }
}